INSERT INTO users (id, username, full_name, email, status) VALUES
                                                               (1,'alex01','Alex Johnson','alex01@gmail.com',1),
                                                               (2,'maria02','Maria Garcia','maria02@gmail.com',1),
                                                               (3,'john03','John Smith','john03@gmail.com',1),
                                                               (4,'sara04','Sara Lee','sara04@gmail.com',1),
                                                               (5,'david05','David Brown','david05@gmail.com',1),
                                                               (6,'emma06','Emma Wilson','emma06@gmail.com',1),
                                                               (7,'liam07','Liam Taylor','liam07@gmail.com',1),
                                                               (8,'olivia08','Olivia Martin','olivia08@gmail.com',1),
                                                               (9,'noah09','Noah White','noah09@gmail.com',1),
                                                               (10,'ava10','Ava Harris','ava10@gmail.com',1),
                                                               (11,'lucas11','Lucas Clark','lucas11@gmail.com',1),
                                                               (12,'mia12','Mia Lewis','mia12@gmail.com',1),
                                                               (13,'ethan13','Ethan Walker','ethan13@gmail.com',1),
                                                               (14,'isla14','Isla Hall','isla14@gmail.com',1),
                                                               (15,'logan15','Logan Allen','logan15@gmail.com',1),
                                                               (16,'zoe16','Zoe Young','zoe16@gmail.com',1),
                                                               (17,'james17','James King','james17@gmail.com',1),
                                                               (18,'lily18','Lily Wright','lily18@gmail.com',1),
                                                               (19,'henry19','Henry Scott','henry19@gmail.com',1),
                                                               (20,'grace20','Grace Green','grace20@gmail.com',1);




INSERT INTO posts (id,user_id,caption,image_url,status) VALUES
                                                            (1,1,'Morning coffee','img1.jpg',1),
                                                            (2,2,'Beach vibes','img2.jpg',1),
                                                            (3,3,'Gym time','img3.jpg',1),
                                                            (4,4,'Weekend trip','img4.jpg',1),
                                                            (5,5,'Sunset shot','img5.jpg',1),
                                                            (6,6,'Coding night','img6.jpg',1),
                                                            (7,7,'Nature walk','img7.jpg',1),
                                                            (8,8,'Delicious food','img8.jpg',1),
                                                            (9,9,'City lights','img9.jpg',1),
                                                            (10,10,'Travel diary','img10.jpg',1),
                                                            (11,11,'Reading books','img11.jpg',1),
                                                            (12,12,'Music mood','img12.jpg',1),
                                                            (13,13,'Startup life','img13.jpg',1),
                                                            (14,14,'Workout done','img14.jpg',1),
                                                            (15,15,'New laptop','img15.jpg',1),
                                                            (16,16,'Weekend coding','img16.jpg',1),
                                                            (17,17,'Gaming night','img17.jpg',1),
                                                            (18,18,'Morning yoga','img18.jpg',1),
                                                            (19,19,'Street photography','img19.jpg',1),
                                                            (20,20,'Holiday trip','img20.jpg',1);


INSERT INTO comments (id,post_id,user_id,comment_text,status) VALUES
                                                                  (1,1,2,'Nice picture!',1),
                                                                  (2,1,3,'Love it!',1),
                                                                  (3,2,4,'Amazing view',1),
                                                                  (4,2,5,'Beautiful!',1),
                                                                  (5,3,6,'Great workout',1),
                                                                  (6,4,7,'Looks fun!',1),
                                                                  (7,5,8,'Awesome shot',1),
                                                                  (8,6,9,'Coding time!',1),
                                                                  (9,7,10,'So peaceful',1),
                                                                  (10,8,11,'Looks tasty',1),
                                                                  (11,9,12,'Nice capture',1),
                                                                  (12,10,13,'Where is this?',1),
                                                                  (13,11,14,'Interesting book',1),
                                                                  (14,12,15,'Love this song',1),
                                                                  (15,13,16,'Startup grind',1),
                                                                  (16,14,17,'Keep going!',1),
                                                                  (17,15,18,'Nice gadget',1),
                                                                  (18,16,19,'Coding again?',1),
                                                                  (19,17,20,'Great game',1),
                                                                  (20,18,1,'Yoga time!',1);


INSERT INTO likes (id,user_id,post_id,status) VALUES
                                                  (1,2,1,1),
                                                  (2,3,1,1),
                                                  (3,4,2,1),
                                                  (4,5,2,1),
                                                  (5,6,3,1),
                                                  (6,7,4,1),
                                                  (7,8,5,1),
                                                  (8,9,6,1),
                                                  (9,10,7,1),
                                                  (10,11,8,1),
                                                  (11,12,9,1),
                                                  (12,13,10,1),
                                                  (13,14,11,1),
                                                  (14,15,12,1),
                                                  (15,16,13,1),
                                                  (16,17,14,1),
                                                  (17,18,15,1),
                                                  (18,19,16,1),
                                                  (19,20,17,1),
                                                  (20,1,18,1);


INSERT INTO follows (id,follower_id,followee_id,status) VALUES
                                                            (1,1,2,1),
                                                            (2,1,3,1),
                                                            (3,2,3,1),
                                                            (4,2,4,1),
                                                            (5,3,5,1),
                                                            (6,4,6,1),
                                                            (7,5,7,1),
                                                            (8,6,8,1),
                                                            (9,7,9,1),
                                                            (10,8,10,1),
                                                            (11,9,11,1),
                                                            (12,10,12,1),
                                                            (13,11,13,1),
                                                            (14,12,14,1),
                                                            (15,13,15,1),
                                                            (16,14,16,1),
                                                            (17,15,17,1),
                                                            (18,16,18,1),
                                                            (19,17,19,1),
                                                            (20,18,20,1);

